{
  "controller/Details.controller.js": 1699529361725,
  "Component.js": 1699527707976,
  "model/models.js": 1699527707980,
  "controller/Home.controller.js": 1699597321378,
  "i18n/i18n.properties": 1699527707976,
  "controller/App.controller.js": 1699527707984,
  "manifest.json": 1699600924126,
  "Component-preload.js": 1699600924241,
  "Component-dbg.js": 1699527707976,
  "controller/Home-dbg.controller.js": 1699597321378,
  "controller/Details-dbg.controller.js": 1699529361725,
  "controller/App-dbg.controller.js": 1699527707984,
  "model/models-dbg.js": 1699527707980,
  "view/Home.view.xml": 1699600861320,
  "view/Details.view.xml": 1699528597788,
  "view/App.view.xml": 1699527707988,
  "css/style.css": 1699527707988,
  "index.html": 1699527707976
}